curator_name,profile_link,followers,recommendation
PC Gamer,https://store.steampowered.com/curator/1850-PC-Gamer/?snr=1_1050_curatorsreviewing_,"723,580",RECOMMENDED
Just Good PC Games,https://store.steampowered.com/curator/6856269-Just-Good-PC-Games/?snr=1_1050_curatorsreviewing_,"603,689",RECOMMENDED
/r/pcmasterrace Group,https://store.steampowered.com/curator/4771848-r-pcmasterrace-Group/?snr=1_1050_curatorsreviewing_,"519,444",RECOMMENDED
Critiquing Doge,https://store.steampowered.com/curator/11284407-Critiquing-Doge/?snr=1_1050_curatorsreviewing_,"396,565",RECOMMENDED
Source Engine Games,https://store.steampowered.com/curator/6858478-Source-Engine-Games/?snr=1_1050_curatorsreviewing_,"151,065",RECOMMENDED
Yahtzee Recommends,https://store.steampowered.com/curator/6923402-Yahtzee-Recommends/?snr=1_1050_curatorsreviewing_,"107,959",RECOMMENDED
"No, I Am Your Father!",https://store.steampowered.com/curator/34077545-No-I-Am-Your-Father/?snr=1_1050_curatorsreviewing_,"93,267",RECOMMENDED
Metacritic.,https://store.steampowered.com/curator/35387214-Metacritic./?snr=1_1050_curatorsreviewing_,"81,696",RECOMMENDED
Neptune Review,https://store.steampowered.com/curator/32267154-Neptune-Review/?snr=1_1050_curatorsreviewing_,"86,794",RECOMMENDED
Yah or Nah,https://store.steampowered.com/curator/35237015-Yah-or-Nah/?snr=1_1050_curatorsreviewing_,"59,074",RECOMMENDED
Co-op Cowboys,https://store.steampowered.com/curator/11247776-Co-op-Cowboys/?snr=1_1050_curatorsreviewing_,"74,624",RECOMMENDED
A man of culture,https://store.steampowered.com/curator/35913295-A-man-of-culture/?snr=1_1050_curatorsreviewing_,"54,725",RECOMMENDED
Designer Plays,https://store.steampowered.com/curator/6856591-Designer-Plays/?snr=1_1050_curatorsreviewing_,"49,264",RECOMMENDED
SteamDB,https://store.steampowered.com/curator/4777282-SteamDB/?snr=1_1050_curatorsreviewing_,"41,769",INFORMATIONAL
Hodor Review,https://store.steampowered.com/curator/6861215-Hodor-Review/?snr=1_1050_curatorsreviewing_,"52,934",RECOMMENDED
Co-Optimus,https://store.steampowered.com/curator/588052-Co-Optimus/?snr=1_1050_curatorsreviewing_,"48,213",RECOMMENDED
:D / D:,https://store.steampowered.com/curator/36179754-D-D/?snr=1_1050_curatorsreviewing_,"32,456",RECOMMENDED
Nep Review,https://store.steampowered.com/curator/35033588-Nep-Review/?snr=1_1050_curatorsreviewing_,"36,264",RECOMMENDED
Bro Team Team,https://store.steampowered.com/curator/3373079-Bro-Team-Team/?snr=1_1050_curatorsreviewing_,"41,493",RECOMMENDED
Gaming Masterpieces,https://store.steampowered.com/curator/34633003-Gaming-Masterpieces/?snr=1_1050_curatorsreviewing_,"29,353",RECOMMENDED
Gamehag,https://store.steampowered.com/curator/26076110-Gamehag/?snr=1_1050_curatorsreviewing_,"46,980",RECOMMENDED
PsiSyndicate,https://store.steampowered.com/curator/2816339-PsiSyndicate/?snr=1_1050_curatorsreviewing_,"28,303",RECOMMENDED
Hookups,https://store.steampowered.com/curator/2981528-Hookups/?snr=1_1050_curatorsreviewing_,"28,810",RECOMMENDED
Giant Bomb Staff,https://store.steampowered.com/curator/6856988-Giant-Bomb-Staff/?snr=1_1050_curatorsreviewing_,"29,502",RECOMMENDED
–Öt–µ–∞–º 250,https://store.steampowered.com/curator/32686107-%25D0%2585t%25D0%25B5%25D0%25B0%25D0%25BC-250/?snr=1_1050_curatorsreviewing_,"17,612",RECOMMENDED
Geforce Now Friendly,https://store.steampowered.com/curator/38115929-Geforce-Now-Friendly/?snr=1_1050_curatorsreviewing_,"16,657",RECOMMENDED
Woke Content Detector,https://store.steampowered.com/curator/44927664-Woke-Content-Detector/?snr=1_1050_curatorsreviewing_,"11,966",INFORMATIONAL
Hentai Lovers !,https://store.steampowered.com/curator/34956022-Hentai-Lovers/?snr=1_1050_curatorsreviewing_,"16,370",RECOMMENDED
Feminist Frequency,https://store.steampowered.com/curator/6954951-Feminist-Frequency/?snr=1_1050_curatorsreviewing_,"19,957",RECOMMENDED
AllGames 2.0,https://store.steampowered.com/curator/6701362-AllGames-2.0/?snr=1_1050_curatorsreviewing_,"19,195",RECOMMENDED
Unit Lost,https://store.steampowered.com/curator/2666675-Unit-Lost/?snr=1_1050_curatorsreviewing_,"19,087",RECOMMENDED
Cross-Platform Play,https://store.steampowered.com/curator/39520863-Cross-Platform-Play/?snr=1_1050_curatorsreviewing_,"12,742",INFORMATIONAL
ECLUB,https://store.steampowered.com/curator/192743-ECLUB/?snr=1_1050_curatorsreviewing_,"14,958",RECOMMENDED
Zeus Reviews,https://store.steampowered.com/curator/44760646-Zeus-Reviews/?snr=1_1050_curatorsreviewing_,"43,591",RECOMMENDED
Raycevick,https://store.steampowered.com/curator/29150967-Raycevick/?snr=1_1050_curatorsreviewing_,"14,045",RECOMMENDED
Capsule Computers,https://store.steampowered.com/curator/2666558-Capsule-Computers/?snr=1_1050_curatorsreviewing_,"14,327",RECOMMENDED
Linux Archive,https://store.steampowered.com/curator/24620101-Linux-Archive/?snr=1_1050_curatorsreviewing_,"13,012",RECOMMENDED
vtpublishing,https://store.steampowered.com/curator/33045467-vtpublishing/?snr=1_1050_curatorsreviewing_,"17,452",RECOMMENDED
MrSuicideSheep,https://store.steampowered.com/curator/40954427-MrSuicideSheep/?snr=1_1050_curatorsreviewing_,"11,981",RECOMMENDED
In Games We –¢rust,https://store.steampowered.com/curator/39932193-In-Games-We-%25D0%25A2rust/?snr=1_1050_curatorsreviewing_,"13,848",RECOMMENDED
Centrelink Payments,https://store.steampowered.com/curator/20185415-Centrelink-Payments/?snr=1_1050_curatorsreviewing_,"18,625",RECOMMENDED
Achievement Scouts,https://store.steampowered.com/curator/31507748-Achievement-Scouts/?snr=1_1050_curatorsreviewing_,"13,675",INFORMATIONAL
LifeIsReallyStrange,https://store.steampowered.com/curator/27966971-LifeIsReallyStrange/?snr=1_1050_curatorsreviewing_,"13,908",RECOMMENDED
Balls_of Steel,https://store.steampowered.com/curator/33295678-Balls_of-Steel/?snr=1_1050_curatorsreviewing_,"16,790",RECOMMENDED
True / False,https://store.steampowered.com/curator/35913155-True-False/?snr=1_1050_curatorsreviewing_,"8,898",RECOMMENDED
Greatest Games,https://store.steampowered.com/curator/32854818-Greatest-Games/?snr=1_1050_curatorsreviewing_,"19,260",RECOMMENDED
No Epic Games,https://store.steampowered.com/curator/34697179-No-Epic-Games/?snr=1_1050_curatorsreviewing_,"8,028",RECOMMENDED
Bitcoin,https://store.steampowered.com/curator/2502890-Bitcoin/?snr=1_1050_curatorsreviewing_,"20,503",RECOMMENDED
Kawaii Questers,https://store.steampowered.com/curator/45380672-Kawaii-Questers/?snr=1_1050_curatorsreviewing_,"21,774",RECOMMENDED
Games for Lovers,https://store.steampowered.com/curator/34907518-Games-for-Lovers/?snr=1_1050_curatorsreviewing_,"8,499",RECOMMENDED
PLAY / DON'T PLAY,https://store.steampowered.com/curator/40511383-PLAY-DON%2527T-PLAY/?snr=1_1050_curatorsreviewing_,"6,861",RECOMMENDED
–í –≥–æ—Å—Ç—è—Ö —É –î–∂–æ,https://store.steampowered.com/curator/25126253-%25D0%2592-%25D0%25B3%25D0%25BE%25D1%2581%25D1%2582%25D1%258F%25D1%2585-%25D1%2583-%25D0%2594%25D0%25B6%25D0%25BE/?snr=1_1050_curatorsreviewing_,"10,452",RECOMMENDED
Spicy Reviews,https://store.steampowered.com/curator/45617363-Spicy-Reviews/?snr=1_1050_curatorsreviewing_,"21,675",RECOMMENDED
Game In Japan!,https://store.steampowered.com/curator/33499140-Game-In-Japan/?snr=1_1050_curatorsreviewing_,"12,250",RECOMMENDED
Make-A-Witch Foundation,https://store.steampowered.com/curator/7218891-Make-A-Witch-Foundation/?snr=1_1050_curatorsreviewing_,"9,125",RECOMMENDED
–û–±–∑–æ—Ä—ã –æ–Ω–ª–∞–π–Ω,https://store.steampowered.com/curator/28776273-%25D0%259E%25D0%25B1%25D0%25B7%25D0%25BE%25D1%2580%25D1%258B-%25D0%25BE%25D0%25BD%25D0%25BB%25D0%25B0%25D0%25B9%25D0%25BD/?snr=1_1050_curatorsreviewing_,"14,153",RECOMMENDED
PawPlay Buddies,https://store.steampowered.com/curator/45796864-PawPlay-Buddies/?snr=1_1050_curatorsreviewing_,"8,298",RECOMMENDED
Gamophile,https://store.steampowered.com/curator/32366569-Gamophile/?snr=1_1050_curatorsreviewing_,"14,852",RECOMMENDED
Puzzle Lovers,https://store.steampowered.com/curator/25928931-Puzzle-Lovers/?snr=1_1050_curatorsreviewing_,"6,432",RECOMMENDED
Cherry Reviews,https://store.steampowered.com/curator/45521504-Cherry-Reviews/?snr=1_1050_curatorsreviewing_,"21,007",RECOMMENDED
Annie Logic,https://store.steampowered.com/curator/32594720-Annie-Logic/?snr=1_1050_curatorsreviewing_,"14,649",RECOMMENDED
Thor Reviews,https://store.steampowered.com/curator/45520846-Thor-Reviews/?snr=1_1050_curatorsreviewing_,"21,115",RECOMMENDED
Play It Again,https://store.steampowered.com/curator/43272636-Play-It-Again/?snr=1_1050_curatorsreviewing_,"23,855",RECOMMENDED
Indie Pulse,https://store.steampowered.com/curator/45193283-Indie-Pulse/?snr=1_1050_curatorsreviewing_,"9,805",RECOMMENDED
DigiPen Institute of Technology,https://store.steampowered.com/curator/40427995-DigiPen-Institute-of-Technology/?snr=1_1050_curatorsreviewing_,"5,985",INFORMATIONAL
Linux –∏–≥—Ä—ã,https://store.steampowered.com/curator/26105178-Linux-%25D0%25B8%25D0%25B3%25D1%2580%25D1%258B/?snr=1_1050_curatorsreviewing_,"8,068",RECOMMENDED
Microtransaction Check,https://store.steampowered.com/curator/30654888-Microtransaction-Check/?snr=1_1050_curatorsreviewing_,"6,808",INFORMATIONAL
NyaNya Review,https://store.steampowered.com/curator/34147574-NyaNya-Review/?snr=1_1050_curatorsreviewing_,"6,058",RECOMMENDED
Extra Credits EDU,https://store.steampowered.com/curator/7389497-Extra-Credits-EDU/?snr=1_1050_curatorsreviewing_,"6,739",RECOMMENDED
VŒªlveTime,https://store.steampowered.com/curator/3421676-V%25CE%25BBlveTime/?snr=1_1050_curatorsreviewing_,"7,259",RECOMMENDED
The Linux Gamer,https://store.steampowered.com/curator/6856810-The-Linux-Gamer/?snr=1_1050_curatorsreviewing_,"5,900",RECOMMENDED
Average Achievement Hunter,https://store.steampowered.com/curator/30168383-Average-Achievement-Hunter/?snr=1_1050_curatorsreviewing_,"5,134",INFORMATIONAL
AdventureGamers.com,https://store.steampowered.com/curator/6859083-AdventureGamers.com/?snr=1_1050_curatorsreviewing_,"5,574",RECOMMENDED
United Critics,https://store.steampowered.com/curator/38888018-United-Critics/?snr=1_1050_curatorsreviewing_,"5,359",RECOMMENDED
GAMETHORN,https://store.steampowered.com/curator/45193296-GAMETHORN/?snr=1_1050_curatorsreviewing_,"9,829",RECOMMENDED
]Pro-G[GamingCommunity,https://store.steampowered.com/curator/6770339-%255DPro-G%255BGamingCommunity/?snr=1_1050_curatorsreviewing_,"6,194",RECOMMENDED
Quiet River,https://store.steampowered.com/curator/25807341-Quiet-River/?snr=1_1050_curatorsreviewing_,"5,460",RECOMMENDED
Hype or Yikes,https://store.steampowered.com/curator/41653970-Hype-or-Yikes/?snr=1_1050_curatorsreviewing_,"3,265",RECOMMENDED
Top Sellers,https://store.steampowered.com/curator/44263702-Top-Sellers/?snr=1_1050_curatorsreviewing_,"3,512",INFORMATIONAL
Bruce's Batcave,https://store.steampowered.com/curator/33093599-Bruce%2527s-Batcave/?snr=1_1050_curatorsreviewing_,"4,315",RECOMMENDED
Oliver Age 24,https://store.steampowered.com/curator/6859243-Oliver-Age-24/?snr=1_1050_curatorsreviewing_,"4,895",RECOMMENDED
First Person Exploration and Puzzle Games,https://store.steampowered.com/curator/9686972-First-Person-Exploration-and-Puzzle-Game/?snr=1_1050_curatorsreviewing_,"3,959",RECOMMENDED
McThunder's,https://store.steampowered.com/curator/37281857-McThunder%2527s/?snr=1_1050_curatorsreviewing_,"5,683",RECOMMENDED
Greatest Co-op Games,https://store.steampowered.com/curator/40212331-Greatest-Co-op-Games/?snr=1_1050_curatorsreviewing_,"3,141",RECOMMENDED
ùêìùê°ùêû ùêäùê¢ùê≠ùêúùê°ùêûùêß,https://store.steampowered.com/curator/33316350-%25F0%259D%2590%2593%25F0%259D%2590%25A1%25F0%259D%2590%259E-%25F0%259D%2590%258A%25F0%259D%2590%25A2%25F0%259D%2590%25AD%25F0%259D%2590%259C%25F0%259D%2590%25A1%25F0%259D%2590%259E%25F0%259D%2590/?snr=1_1050_curatorsreviewing_,"8,300",RECOMMENDED
Doctor Gamer,https://store.steampowered.com/curator/42985504-Doctor-Gamer/?snr=1_1050_curatorsreviewing_,"22,336",RECOMMENDED
Source?,https://store.steampowered.com/curator/34798148-Source/?snr=1_1050_curatorsreviewing_,"3,302",INFORMATIONAL
Muselks Association Of Reputable Gentlemen!,https://store.steampowered.com/curator/5099041-Muselks-Association-Of-Reputable-Gentlem/?snr=1_1050_curatorsreviewing_,"3,351",RECOMMENDED
GeForce Now List,https://store.steampowered.com/curator/40191848-GeForce-Now-List/?snr=1_1050_curatorsreviewing_,"3,303",INFORMATIONAL
Indie Insight,https://store.steampowered.com/curator/43950186-Indie-Insight/?snr=1_1050_curatorsreviewing_,"2,622",RECOMMENDED
Couples Co-op Caravan,https://store.steampowered.com/curator/28571256-Couples-Co-op-Caravan/?snr=1_1050_curatorsreviewing_,"2,985",RECOMMENDED
Games You Absolutely Must Have,https://store.steampowered.com/curator/7154713-Games-You-Absolutely-Must-Have/?snr=1_1050_curatorsreviewing_,"2,958",RECOMMENDED
GameVortexx,https://store.steampowered.com/curator/44745316-GameVortexx/?snr=1_1050_curatorsreviewing_,"2,605",RECOMMENDED
The Blackmail association,https://store.steampowered.com/curator/30845842-The-Blackmail-association/?snr=1_1050_curatorsreviewing_,"4,867",RECOMMENDED
Nikotin Review,https://store.steampowered.com/curator/43838808-Nikotin-Review/?snr=1_1050_curatorsreviewing_,"2,556",RECOMMENDED
Zorbaba Review,https://store.steampowered.com/curator/43838804-Zorbaba-Review/?snr=1_1050_curatorsreviewing_,"2,494",RECOMMENDED
Virtual Vault,https://store.steampowered.com/curator/43950185-Virtual-Vault/?snr=1_1050_curatorsreviewing_,"2,449",RECOMMENDED
NightExplorers,https://store.steampowered.com/curator/44745350-NightExplorers/?snr=1_1050_curatorsreviewing_,"2,428",RECOMMENDED
Rangort Review,https://store.steampowered.com/curator/43838796-Rangort-Review/?snr=1_1050_curatorsreviewing_,"2,527",RECOMMENDED
VirtualStrategists,https://store.steampowered.com/curator/44746741-VirtualStrategists/?snr=1_1050_curatorsreviewing_,"2,480",RECOMMENDED
ParallelGamingUniverse,https://store.steampowered.com/curator/44745360-ParallelGamingUniverse/?snr=1_1050_curatorsreviewing_,"2,401",RECOMMENDED
DigitalAdventurers,https://store.steampowered.com/curator/44745339-DigitalAdventurers/?snr=1_1050_curatorsreviewing_,"2,212",RECOMMENDED
CyberWarriorsHub,https://store.steampowered.com/curator/44745342-CyberWarriorsHub/?snr=1_1050_curatorsreviewing_,"2,402",RECOMMENDED
Digital Digest,https://store.steampowered.com/curator/43950189-Digital-Digest/?snr=1_1050_curatorsreviewing_,"2,391",RECOMMENDED
The Forgotten Scrolls,https://store.steampowered.com/curator/40586096-The-Forgotten-Scrolls/?snr=1_1050_curatorsreviewing_,"9,933",RECOMMENDED
Anti-Defamation League,https://store.steampowered.com/curator/36822965-Anti-Defamation-League/?snr=1_1050_curatorsreviewing_,"1,983",NOT RECOMMENDED
No Curation,https://store.steampowered.com/curator/10767678-No-Curation/?snr=1_1050_curatorsreviewing_,"2,596",INFORMATIONAL
Paradise Decay Game Reviews,https://store.steampowered.com/curator/6659922-Paradise-Decay-Game-Reviews/?snr=1_1050_curatorsreviewing_,"2,768",RECOMMENDED
Overwhelmingly Positive User Reviews,https://store.steampowered.com/curator/41140195-Overwhelmingly-Positive-User-Reviews/?snr=1_1050_curatorsreviewing_,"1,986",RECOMMENDED
Potato Vision,https://store.steampowered.com/curator/37056977-Potato-Vision/?snr=1_1050_curatorsreviewing_,"8,694",RECOMMENDED
S≈Çeam Deck,https://store.steampowered.com/curator/41266960-S%25C5%2582eam-Deck/?snr=1_1050_curatorsreviewing_,"2,521",RECOMMENDED
Whore / Gore / Horror / Snore,https://store.steampowered.com/curator/35141205-Whore-Gore-Horror-Snore/?snr=1_1050_curatorsreviewing_,"14,302",RECOMMENDED
StmOdyssey,https://store.steampowered.com/curator/44893122-StmOdyssey/?snr=1_1050_curatorsreviewing_,"1,752",RECOMMENDED
OnlineAdventurers,https://store.steampowered.com/curator/44894782-OnlineAdventurers/?snr=1_1050_curatorsreviewing_,"1,641",RECOMMENDED
FunSeekersCollective,https://store.steampowered.com/curator/44893113-FunSeekersCollective/?snr=1_1050_curatorsreviewing_,"1,739",RECOMMENDED
THE OFFICE REVIEWS,https://store.steampowered.com/curator/33808170-THE-OFFICE-REVIEWS/?snr=1_1050_curatorsreviewing_,"3,778",RECOMMENDED
E-HeroLegends,https://store.steampowered.com/curator/44746768-E-HeroLegends/?snr=1_1050_curatorsreviewing_,"1,780",RECOMMENDED
GameCartographers,https://store.steampowered.com/curator/44893129-GameCartographers/?snr=1_1050_curatorsreviewing_,"1,766",RECOMMENDED
DigitalExplorers,https://store.steampowered.com/curator/44893025-DigitalExplorers/?snr=1_1050_curatorsreviewing_,"1,772",RECOMMENDED
DigitalNavigators,https://store.steampowered.com/curator/44894775-DigitalNavigators/?snr=1_1050_curatorsreviewing_,"1,750",RECOMMENDED
PixelExperts,https://store.steampowered.com/curator/44894849-PixelExperts/?snr=1_1050_curatorsreviewing_,"1,935",RECOMMENDED
GameCriticsCollective,https://store.steampowered.com/curator/44894841-GameCriticsCollective/?snr=1_1050_curatorsreviewing_,"1,884",RECOMMENDED
PlayScorePros,https://store.steampowered.com/curator/44894881-PlayScorePros/?snr=1_1050_curatorsreviewing_,"1,916",RECOMMENDED
PlayerAnalysis,https://store.steampowered.com/curator/44894885-PlayerAnalysis/?snr=1_1050_curatorsreviewing_,"1,911",RECOMMENDED
DigitalGameGurus,https://store.steampowered.com/curator/44894852-DigitalGameGurus/?snr=1_1050_curatorsreviewing_,"1,914",RECOMMENDED
PixelPerspective,https://store.steampowered.com/curator/44894903-PixelPerspective/?snr=1_1050_curatorsreviewing_,"1,913",RECOMMENDED
QuestReviewers,https://store.steampowered.com/curator/44894900-QuestReviewers/?snr=1_1050_curatorsreviewing_,"1,903",RECOMMENDED
StmStars,https://store.steampowered.com/curator/44894788-StmStars/?snr=1_1050_curatorsreviewing_,"1,603",RECOMMENDED
Join Us In VR,https://store.steampowered.com/curator/36203895-Join-Us-In-VR/?snr=1_1050_curatorsreviewing_,"2,085",RECOMMENDED
VirtualWanderers,https://store.steampowered.com/curator/44894806-VirtualWanderers/?snr=1_1050_curatorsreviewing_,"1,612",RECOMMENDED
DigitalDreamersGuild,https://store.steampowered.com/curator/44894795-DigitalDreamersGuild/?snr=1_1050_curatorsreviewing_,"1,628",RECOMMENDED
GamesCompass,https://store.steampowered.com/curator/44894820-GamesCompass/?snr=1_1050_curatorsreviewing_,"1,640",RECOMMENDED
GamesBridge,https://store.steampowered.com/curator/44894801-GamesBridge/?snr=1_1050_curatorsreviewing_,"1,634",RECOMMENDED
DigitallLegends,https://store.steampowered.com/curator/44894813-DigitallLegends/?snr=1_1050_curatorsreviewing_,"1,619",RECOMMENDED
DigitalNatureExplorers,https://store.steampowered.com/curator/44894829-DigitalNatureExplorers/?snr=1_1050_curatorsreviewing_,"1,611",RECOMMENDED
Cat Review,https://store.steampowered.com/curator/34473011-Cat-Review/?snr=1_1050_curatorsreviewing_,"2,136",RECOMMENDED
ThrilledGamers,https://store.steampowered.com/curator/34310167-ThrilledGamers/?snr=1_1050_curatorsreviewing_,"4,737",RECOMMENDED
Mike The Scoper,https://store.steampowered.com/curator/30818313-Mike-The-Scoper/?snr=1_1050_curatorsreviewing_,"1,732",NOT RECOMMENDED
Expectation Checklist,https://store.steampowered.com/curator/31940448-Expectation-Checklist/?snr=1_1050_curatorsreviewing_,"1,877",RECOMMENDED
1001 Video Games You Must Play Before You Die,https://store.steampowered.com/curator/6860132-1001-Video-Games-You-Must-Play-Before-Yo/?snr=1_1050_curatorsreviewing_,"2,045",INFORMATIONAL
BroReviews,https://store.steampowered.com/curator/30240632-BroReviews/?snr=1_1050_curatorsreviewing_,"2,013",RECOMMENDED
7th Generation Gaming,https://store.steampowered.com/curator/44116626-7th-Generation-Gaming/?snr=1_1050_curatorsreviewing_,"1,509",RECOMMENDED
N3RDYG1RL REVIEWS,https://store.steampowered.com/curator/37093468-N3RDYG1RL-REVIEWS/?snr=1_1050_curatorsreviewing_,"5,964",RECOMMENDED
The Dickbutt Experience,https://store.steampowered.com/curator/7124597-The-Dickbutt-Experience/?snr=1_1050_curatorsreviewing_,"2,002",RECOMMENDED
Nintendo ¬Æ,https://store.steampowered.com/curator/5446303-Nintendo-%25C2%25AE/?snr=1_1050_curatorsreviewing_,"1,878",RECOMMENDED
Review Prizm,https://store.steampowered.com/curator/36992581-Review-Prizm/?snr=1_1050_curatorsreviewing_,"7,583",RECOMMENDED
Christ Centered Gamers,https://store.steampowered.com/curator/2140873-Christ-Centered-Gamers/?snr=1_1050_curatorsreviewing_,"1,821",RECOMMENDED
Hash Game,https://store.steampowered.com/curator/43773784-Hash-Game/?snr=1_1050_curatorsreviewing_,"1,183",RECOMMENDED
Orc Game,https://store.steampowered.com/curator/43773668-Orc-Game/?snr=1_1050_curatorsreviewing_,"1,171",RECOMMENDED
Shnitzel Reviews,https://store.steampowered.com/curator/30260249-Shnitzel-Reviews/?snr=1_1050_curatorsreviewing_,"1,760",RECOMMENDED
Destructoid,https://store.steampowered.com/curator/409-Destructoid/?snr=1_1050_curatorsreviewing_,"1,835",RECOMMENDED
Gamers with only little time,https://store.steampowered.com/curator/30757976-Gamers-with-only-little-time/?snr=1_1050_curatorsreviewing_,"1,463",RECOMMENDED
"""STAYATHOME"" LIST",https://store.steampowered.com/curator/37246047-STAYATHOME-LIST/?snr=1_1050_curatorsreviewing_,"5,965",RECOMMENDED
With the Kids,https://store.steampowered.com/curator/28220276-With-the-Kids/?snr=1_1050_curatorsreviewing_,"1,380",RECOMMENDED
Source. Gold source. Source 2 Engine groups,https://store.steampowered.com/curator/43079039-Source.-Gold-source.-Source-2-Engine-gro/?snr=1_1050_curatorsreviewing_,"1,373",RECOMMENDED
Best Ideas,https://store.steampowered.com/curator/41373465-Best-Ideas/?snr=1_1050_curatorsreviewing_,"1,963",RECOMMENDED
Just Game Review,https://store.steampowered.com/curator/41373435-Just-Game-Review/?snr=1_1050_curatorsreviewing_,"1,946",RECOMMENDED
Detailed Community,https://store.steampowered.com/curator/41373462-Detailed-Community/?snr=1_1050_curatorsreviewing_,"1,938",RECOMMENDED
Sandbox Dudes,https://store.steampowered.com/curator/6243825-Sandbox-Dudes/?snr=1_1050_curatorsreviewing_,"1,588",RECOMMENDED
King Julien!,https://store.steampowered.com/curator/39868314-King-Julien/?snr=1_1050_curatorsreviewing_,"1,276",RECOMMENDED
StrategySavants,https://store.steampowered.com/curator/44688069-StrategySavants/?snr=1_1050_curatorsreviewing_,584,RECOMMENDED
IndieInsiders,https://store.steampowered.com/curator/44687905-IndieInsiders/?snr=1_1050_curatorsreviewing_,581,RECOMMENDED
PixelPerfectionists,https://store.steampowered.com/curator/44687784-PixelPerfectionists/?snr=1_1050_curatorsreviewing_,578,RECOMMENDED
VRVoyagers,https://store.steampowered.com/curator/44687940-VRVoyagers/?snr=1_1050_curatorsreviewing_,579,RECOMMENDED
Panda's Corner,https://store.steampowered.com/curator/6858371-Panda%2527s-Corner/?snr=1_1050_curatorsreviewing_,"1,798",RECOMMENDED
Low Spec Gamers United,https://store.steampowered.com/curator/8848323-Low-Spec-Gamers-United/?snr=1_1050_curatorsreviewing_,"1,571",RECOMMENDED
GameTrailers and Previews,https://store.steampowered.com/curator/6864048-GameTrailers-and-Previews/?snr=1_1050_curatorsreviewing_,"1,681",RECOMMENDED
Completion Reviews,https://store.steampowered.com/curator/44559536-Completion-Reviews/?snr=1_1050_curatorsreviewing_,471,RECOMMENDED
Is it Mac?,https://store.steampowered.com/curator/8740498-Is-it-Mac/?snr=1_1050_curatorsreviewing_,"1,498",RECOMMENDED
local multiplayer games,https://store.steampowered.com/curator/6858217-local-multiplayer-games/?snr=1_1050_curatorsreviewing_,"1,334",RECOMMENDED
best games ever made,https://store.steampowered.com/curator/25627990-best-games-ever-made/?snr=1_1050_curatorsreviewing_,"1,328",RECOMMENDED
Platform Reviews,https://store.steampowered.com/curator/37500772-Platform-Reviews/?snr=1_1050_curatorsreviewing_,"2,408",RECOMMENDED
Da_Baby_Gaming_Central,https://store.steampowered.com/curator/40197929-Da_Baby_Gaming_Central/?snr=1_1050_curatorsreviewing_,"1,104",RECOMMENDED
Punchman's Recommends,https://store.steampowered.com/curator/9488901-Punchman%2527s-Recommends/?snr=1_1050_curatorsreviewing_,"1,204",RECOMMENDED
JonesyReviews,https://store.steampowered.com/curator/45031223-JonesyReviews/?snr=1_1050_curatorsreviewing_,985,RECOMMENDED
Games for Laptop,https://store.steampowered.com/curator/27189131-Games-for-Laptop/?snr=1_1050_curatorsreviewing_,"1,187",NOT RECOMMENDED
Handheld Friendly,https://store.steampowered.com/curator/42772030-Handheld-Friendly/?snr=1_1050_curatorsreviewing_,864,RECOMMENDED
ùêëùêÑùêìùêëùêé,https://store.steampowered.com/curator/37877119-%25F0%259D%2590%2591%25F0%259D%2590%2584%25F0%259D%2590%2593%25F0%259D%2590%2591%25F0%259D%2590%258E/?snr=1_1050_curatorsreviewing_,"1,294",RECOMMENDED
Mac Game Recommendations!,https://store.steampowered.com/curator/6864127-Mac-Game-Recommendations/?snr=1_1050_curatorsreviewing_,"1,313",RECOMMENDED
No Safe Spaces,https://store.steampowered.com/curator/35807059-No-Safe-Spaces/?snr=1_1050_curatorsreviewing_,844,RECOMMENDED
MatureContent,https://store.steampowered.com/curator/45534557-MatureContent/?snr=1_1050_curatorsreviewing_,"1,340",RECOMMENDED
The Curator Page I Made to Flag AI Slop,https://store.steampowered.com/curator/45514146-The-Curator-Page-I-Made-to-Flag-AI-Slop/?snr=1_1050_curatorsreviewing_,836,RECOMMENDED
GoodGamesOnly,https://store.steampowered.com/curator/12060748-GoodGamesOnly/?snr=1_1050_curatorsreviewing_,"1,231",RECOMMENDED
Puzzling Puzzles,https://store.steampowered.com/curator/42313272-Puzzling-Puzzles/?snr=1_1050_curatorsreviewing_,"1,237",RECOMMENDED
=E=,https://store.steampowered.com/curator/33981160-E/?snr=1_1050_curatorsreviewing_,"1,091",INFORMATIONAL
The Tipster,https://store.steampowered.com/curator/7035284-The-Tipster/?snr=1_1050_curatorsreviewing_,"1,250",RECOMMENDED
Female Protagonist Games,https://store.steampowered.com/curator/34646618-Female-Protagonist-Games/?snr=1_1050_curatorsreviewing_,"1,032",RECOMMENDED
Completing the Backlog,https://store.steampowered.com/curator/5187103-Completing-the-Backlog/?snr=1_1050_curatorsreviewing_,"1,243",RECOMMENDED
Nucleus Coop,https://store.steampowered.com/curator/26348881-Nucleus-Coop/?snr=1_1050_curatorsreviewing_,"1,017",INFORMATIONAL
My Little Pony: Friendship is Magic,https://store.steampowered.com/curator/1978066-My-Little-Pony-Friendship-is-Magic/?snr=1_1050_curatorsreviewing_,"1,150",RECOMMENDED
Gprimes,https://store.steampowered.com/curator/318488-Gprimes/?snr=1_1050_curatorsreviewing_,"1,235",RECOMMENDED
TroubleTribe,https://store.steampowered.com/curator/37040464-TroubleTribe/?snr=1_1050_curatorsreviewing_,"11,612",RECOMMENDED
Bearsonal,https://store.steampowered.com/curator/40523765-Bearsonal/?snr=1_1050_curatorsreviewing_,"3,759",RECOMMENDED
Adult Elite Gamers,https://store.steampowered.com/curator/5842689-Adult-Elite-Gamers/?snr=1_1050_curatorsreviewing_,"1,077",RECOMMENDED
iHasCupquake,https://store.steampowered.com/curator/7177125-iHasCupquake/?snr=1_1050_curatorsreviewing_,"1,186",RECOMMENDED
GetteGette,https://store.steampowered.com/curator/7821926-GetteGette/?snr=1_1050_curatorsreviewing_,"1,001",RECOMMENDED
Pop Culture Detective Agency,https://store.steampowered.com/curator/29424675-Pop-Culture-Detective-Agency/?snr=1_1050_curatorsreviewing_,"1,088",RECOMMENDED
Team Syukino,https://store.steampowered.com/curator/33017016-Team-Syukino/?snr=1_1050_curatorsreviewing_,777,RECOMMENDED
Coop Wolfpack,https://store.steampowered.com/curator/34358741-Coop-Wolfpack/?snr=1_1050_curatorsreviewing_,930,RECOMMENDED
Free CD Keys For You,https://store.steampowered.com/curator/28626607-Free-CD-Keys-For-You/?snr=1_1050_curatorsreviewing_,"1,601",INFORMATIONAL
