# created_by: youtube_discover_and_extract.py | 2025-12-19T17:27:57.047487Z
video_url,video_title,channel_url,channel_name
https://www.youtube.com/watch?v=Seuq0rSI4mk,$0 To $1 TRILLION With CHRISTMAS ONLY Brainrots In Steal A Brainrot..,https://www.youtube.com/@FoltynFamily,Foltyn
https://www.youtube.com/watch?v=WzvdpKvtcPc,ROBLOX THE FORGE,https://www.youtube.com/@flamingo,Flamingo
https://www.youtube.com/watch?v=jCtQggjk7Yw,$0 - $1 Trillion Only Using FESTIVE LUCKY BLOCKS!,https://www.youtube.com/@caylusblox,CaylusBlox
https://www.youtube.com/watch?v=E49W3X8gQM0,I Played BANNED Roblox Games For 24 Hours..,https://www.youtube.com/@foltynttopvideo,Foltyn Top Videos
https://www.youtube.com/watch?v=G-tr41VgzB8,WATER BARRY'S PRISON RUN in Roblox (New Scary Obby #Roblox),https://www.youtube.com/@melonsunnyworld,Melon Sunny World
https://www.youtube.com/watch?v=d0_REg6JPhY,RUN FROM THIS PRISON RUNN! | Barry's Prison Run | Roblox,https://www.youtube.com/@RascoGames,Rasco
https://www.youtube.com/watch?v=8_Fa2rBU1JY,Top 10 Addicting Roblox Games to Play When Bored,https://www.youtube.com/@GeoffreyJamesKing,Geoffrey James
https://www.youtube.com/watch?v=ne0hCXzGX8E,99 Nights in the Forest ðŸ”¦ - Full Game Walkthrough | Roblox,https://www.youtube.com/@BrosClanYt,BrosClanYt
https://www.youtube.com/watch?v=cUognw1l8Wc,42 Roblox Games To Play When Youâ€™re Bored,https://www.youtube.com/@Cheetify,Cheetify
https://www.youtube.com/watch?v=R_jV8Xe48y0,kicking WALLS to escape Roblox Prison...,https://www.youtube.com/@OtterOnRoblox,OTTER ON ROBLOX
https://www.youtube.com/watch?v=kiALxHaJ-KA,When Roblox Kids Try to Answer..ðŸ¥€ðŸ’€,https://www.youtube.com/@kwesow,kwesow
https://www.youtube.com/watch?v=nhXRR2lccsU,ZOMBIES Vs POLICE in BARRY'S PRISON RUN! New Scary Obby (#Roblox),https://www.youtube.com/@BarryRon,BarryRon
https://www.youtube.com/watch?v=8v0ssYT4HtE,I collected EVERY CHARM On My KNIFE! (Roblox Rivals),https://www.youtube.com/@Its_We1rd,We1rd
https://www.youtube.com/watch?v=QfHar9YDpv8,I Pretended To Be a Tung Tung Sahur in Steal a Brainrotâ€¦,https://www.youtube.com/@daashr,Dash Roblox
https://www.youtube.com/watch?v=SpUTBRJNIO4,I Tried Facebook Marketplace Food For 24 Hours..,https://www.youtube.com/@rug,FaZe Rug
https://www.youtube.com/watch?v=vTfD20dbxho,2 Hour Compilation Subway Surfers Gameplay / Subway Surf /2024/ Play ON PC Subway Surfer HD,https://www.youtube.com/@iTuberCosplayOfficial,iTuber Cosplay Official
https://www.youtube.com/watch?v=FBgEF7yhrZE,30 Kills with AUG+MP5 ðŸ”¥ 99% Headshot Rate in FreeFire!,https://www.youtube.com/@SNOFF1,SNO FF
https://www.youtube.com/watch?v=X0QQONgc7M4,I Built THE SANTA BASE in 99 Nights in The Forest! (Roblox),https://www.youtube.com/@SnapieBlox,SnapieBlox
https://www.youtube.com/watch?v=Y5yiSh_rTlc,DON'T TRUST DIAMOND in Roblox Save the Shapes!,https://www.youtube.com/@TylerAndSnowi,Tyler & Snowi
